{
	"type": "geo",
	"nodes": {
		"hierarchy1": {
			"type": "hierarchy"
		},
		"BottleMat": {
			"type": "material",
			"params": {
				"group": " Bottle",
				"material": "../MAT/MatCap"
			},
			"inputs": ["transform"]
		},
		"CapMat": {
			"type": "material",
			"params": {
				"group": " Cap",
				"material": "../MAT/MatCap"
			},
			"inputs": ["transform"]
		},
		"ThreadedCapMat": {
			"type": "material",
			"params": {
				"group": " ThreadedCap",
				"material": "../MAT/MatCap"
			},
			"inputs": ["transform"]
		},
		"Label": {
			"type": "material",
			"params": {
				"group": " Label",
				"material": "../MAT/MatCap"
			},
			"inputs": ["transform"]
		},
		"SprayMat": {
			"type": "material",
			"params": {
				"group": " Spray",
				"material": "../MAT/MatCap"
			},
			"inputs": ["transform"]
		},
		"TubeMat": {
			"type": "material",
			"params": {
				"group": " Tube",
				"material": "../MAT/MatCap"
			},
			"inputs": ["transform"]
		},
		"NozzleMat": {
			"type": "material",
			"params": {
				"group": " Nozzle",
				"material": "../MAT/MatCap"
			},
			"inputs": ["transform"]
		},
		"transform": {
			"type": "transform",
			"params": {
				"applyOn": 1,
				"scale": 0.79
			},
			"inputs": ["merge"]
		},
		"merge": {
			"type": "merge",
			"inputs": ["ParentRemove"]
		},
		"ParentRemove": {
			"type": "hierarchy",
			"params": {
				"mode": 1,
				"objectMask": "/Bottle",
				"addChildMode": 2
			},
			"inputs": ["Hidrolati_OBJ"]
		},
		"Hidrolati_OBJ": {
			"type": "fileOBJ",
			"params": {
				"url": "/polygonjs/scenes/by_node_mat_meshmatcap/Configuratorobj.obj?timestamp=1723208254998"
			},
			"flags": {
				"display": true
			}
		},
		"merge1": {
			"type": "merge",
			"params": {
				"inputsCount": 7
			},
			"maxInputsCount": 7,
			"inputs": ["TubeMat", "CapMat", "ThreadedCapMat", "Label", "BottleMat", "SprayMat", "NozzleMat"]
		}
	},
	"params": {
		"CADLinearTolerance": {
			"overriden_options": {
				"callback": "{}"
			}
		},
		"CADAngularTolerance": {
			"overriden_options": {
				"callback": "{}"
			}
		},
		"CADCurveAbscissa": {
			"overriden_options": {
				"callback": "{}"
			}
		},
		"CADCurveTolerance": {
			"overriden_options": {
				"callback": "{}"
			}
		},
		"CADDisplayEdges": {
			"overriden_options": {
				"callback": "{}"
			}
		},
		"CADEdgesColor": {
			"overriden_options": {
				"callback": "{}"
			}
		},
		"CADDisplayMeshes": {
			"overriden_options": {
				"callback": "{}"
			}
		},
		"CADMeshesColor": {
			"overriden_options": {
				"callback": "{}"
			}
		},
		"CADWireframe": {
			"overriden_options": {
				"callback": "{}"
			}
		},
		"CSGFacetAngle": {
			"overriden_options": {
				"callback": "{}"
			}
		},
		"CSGLinesColor": {
			"overriden_options": {
				"callback": "{}"
			}
		},
		"CSGMeshesColor": {
			"overriden_options": {
				"callback": "{}"
			}
		},
		"CSGWireframe": {
			"overriden_options": {
				"callback": "{}"
			}
		},
		"QUADTriangles": {
			"overriden_options": {
				"callback": "{}"
			}
		},
		"QUADWireframe": {
			"overriden_options": {
				"callback": "{}"
			}
		},
		"TetScale": {
			"overriden_options": {
				"callback": "{}"
			}
		},
		"TetDisplayLines": {
			"overriden_options": {
				"callback": "{}"
			}
		},
		"TetDisplaySharedFaces": {
			"overriden_options": {
				"callback": "{}"
			}
		},
		"TetDisplayPoints": {
			"overriden_options": {
				"callback": "{}"
			}
		},
		"TetDisplayCenter": {
			"overriden_options": {
				"callback": "{}"
			}
		},
		"TetDisplaySphere": {
			"overriden_options": {
				"callback": "{}"
			}
		}
	},
	"flags": {
		"display": true
	}
}
