{
	"nodes": {
		"geo1": {
			"pos": [-50, -350],
			"nodes": {
				"hierarchy1": {
					"pos": [-2000, -450]
				},
				"BottleMat": {
					"pos": [-400, 900]
				},
				"CapMat": {
					"pos": [-400, 600]
				},
				"ThreadedCapMat": {
					"pos": [-400, 700]
				},
				"Label": {
					"pos": [-400, 800]
				},
				"SprayMat": {
					"pos": [-400, 1000]
				},
				"TubeMat": {
					"pos": [-400, 500]
				},
				"NozzleMat": {
					"pos": [-400, 1100]
				},
				"transform": {
					"pos": [-400, 300]
				},
				"merge": {
					"pos": [-400, 200]
				},
				"ParentRemove": {
					"pos": [-400, 50]
				},
				"Hidrolati_OBJ": {
					"pos": [-400, -100]
				},
				"merge1": {
					"pos": [-450, 1250]
				},
				"MAT": {
					"pos": [-750, 800],
					"selection": ["MatCap"],
					"nodes": {
						"MatCap": {
							"pos": [-450, -150]
						}
					}
				}
			}
		},
		"ground": {
			"pos": [-50, -450],
			"nodes": {
				"material1": {
					"pos": [0, 300]
				},
				"box1": {
					"pos": [0, 100]
				},
				"MAT": {
					"pos": [-200, 300],
					"nodes": {
						"meshStandardBuilder1": {
							"pos": [0, 200],
							"nodes": {
								"globals1": {
									"pos": [-450, 0]
								},
								"output1": {
									"pos": [400, 0]
								},
								"vec3ToFloat1": {
									"pos": [-200, 200]
								},
								"floatToVec2_1": {
									"pos": [-100, 200]
								},
								"checkers1": {
									"pos": [50, 200]
								},
								"mix1": {
									"pos": [250, 0]
								},
								"constant1": {
									"pos": [50, -150]
								},
								"constant2": {
									"pos": [0, 0]
								}
							}
						}
					}
				}
			}
		},
		"COP": {
			"pos": [-300, -50],
			"selection": ["image2"],
			"nodes": {
				"envMap": {
					"pos": [50, 250]
				},
				"imageEnv": {
					"pos": [50, 100]
				},
				"image1": {
					"pos": [-150, 150]
				},
				"image2": {
					"pos": [-400, 150]
				}
			}
		},
		"lights": {
			"pos": [-50, -250],
			"selection": ["polarTransform1"],
			"nodes": {
				"hemisphereLight1": {
					"pos": [50, -50]
				},
				"merge1": {
					"pos": [100, 300]
				},
				"spotLight1": {
					"pos": [300, -50]
				},
				"polarTransform1": {
					"pos": [300, 150]
				}
			}
		},
		"cameras": {
			"pos": [-50, -150],
			"selection": ["cameraControls1"],
			"nodes": {
				"perspectiveCamera1": {
					"pos": [0, -50]
				},
				"cameraControls1": {
					"pos": [0, 150],
					"selection": ["cameraOrbitControls1"],
					"nodes": {
						"cameraOrbitControls1": {
							"pos": [0, 0]
						}
					}
				}
			}
		}
	}
}
