{
	"type": "materialsNetwork",
	"nodes": {
		"MatCap": {
			"type": "meshMatcap",
			"params": {
				"useMatcapMap": 1,
				"matcapMap": "../../../COP/image2",
				"doubleSided": 1
			}
		},
		"StandardCap": {
			"type": "meshStandard",
			"params": {
				"color": [0.6307571363387763, 0.06662593863608139, 0.06662593863608139]
			}
		},
		"PhysicalGlass": {
			"type": "meshBasic",
			"params": {
				"color": [0.5028864580233624, 0.09530746662221588, 0.09530746662221588],
				"alphaTest": 0.22
			}
		}
	}
}
