{
	"multiple_panel": {
		"split_ratio": 0.5,
		"split_panel0": {
			"split_ratio": 0.556692242114237,
			"split_panel0": {
				"panelTypes": ["viewer"],
				"currentPanelIndex": 0,
				"panel_data": {
					"camera": "/cameras/cameras:sopGroup/perspectiveCamera1",
					"isViewerInitLayoutData": true,
					"linkIndex": 1,
					"overlayedNetwork": {
						"allowed": false,
						"displayed": false
					}
				}
			},
			"split_panel1": {
				"panelTypes": ["params"],
				"currentPanelIndex": 0,
				"panel_data": {
					"active_folder": 1206,
					"linkIndex": 1
				}
			},
			"split_mode": "vertical"
		},
		"split_panel1": {
			"panelTypes": ["network", "params", "viewer"],
			"currentPanelIndex": 0,
			"panel_data": {
				"camera": {
					"position": {
						"x": 343.23192184115317,
						"y": -643.3544298270048
					},
					"zoom": 0.8411651933533492
				},
				"history": {
					"2": {
						"position": {
							"x": 62.54553192632958,
							"y": 223.1583293886238
						},
						"zoom": 1.0222221069335933
					},
					"36": {
						"position": {
							"x": 343.23192184115317,
							"y": -643.3544298270048
						},
						"zoom": 0.8411651933533492
					},
					"121": {
						"position": {
							"x": 100,
							"y": -200
						},
						"zoom": 1.0222221069335933
					},
					"206": {
						"position": {
							"x": -70.85522619986392,
							"y": -142.3612439080356
						},
						"zoom": 1.1358023410373266
					},
					"209": {
						"position": {
							"x": -50,
							"y": 50
						},
						"zoom": 1.0222221069335933
					},
					"294": {
						"position": {
							"x": 0,
							"y": -50
						},
						"zoom": 1.0222221069335933
					},
					"438": {
						"position": {
							"x": 450,
							"y": 150
						},
						"zoom": 1.0222221069335933
					},
					"441": {
						"position": {
							"x": 0,
							"y": 0
						},
						"zoom": 1.0222221069335933
					},
					"446": {
						"position": {
							"x": 450,
							"y": 150
						},
						"zoom": 1.0222221069335933
					},
					"499": {
						"position": {
							"x": 0,
							"y": 0
						},
						"zoom": 1.0222221069335933
					},
					"538": {
						"position": {
							"x": 450,
							"y": 150
						},
						"zoom": 1.7297703719514226
					},
					"549": {
						"position": {
							"x": 450,
							"y": 150
						},
						"zoom": 1.7297703719514226
					},
					"746": {
						"position": {
							"x": 0,
							"y": -200
						},
						"zoom": 1.0222221069335933
					},
					"962": {
						"position": {
							"x": 0,
							"y": 0
						},
						"zoom": 1.0222221069335933
					},
					"970": {
						"position": {
							"x": 0,
							"y": 0
						},
						"zoom": 1.0222221069335933
					},
					"1071": {
						"position": {
							"x": 24,
							"y": -1.5
						},
						"zoom": 2
					},
					"1185": {
						"position": {
							"x": 0,
							"y": 0
						},
						"zoom": 1.0222221069335933
					},
					"1374": {
						"position": {
							"x": 0,
							"y": 0
						},
						"zoom": 0.6813438066162127
					},
					"1564": {
						"position": {
							"x": 0,
							"y": 0
						},
						"zoom": 1.7297703719514226
					},
					"1577": {
						"position": {
							"x": 500,
							"y": -600
						},
						"zoom": 1.0222221069335933
					},
					"1652": {
						"position": {
							"x": 0,
							"y": 0
						},
						"zoom": 1.7297703719514226
					},
					"1701": {
						"position": {
							"x": 650,
							"y": 250
						},
						"zoom": 1.0222221069335933
					},
					"1963": {
						"position": {
							"x": 500,
							"y": -800
						},
						"zoom": 1.0222221069335933
					},
					"2087": {
						"position": {
							"x": 650,
							"y": 250
						},
						"zoom": 1.0222221069335933
					},
					"2509": {
						"position": {
							"x": 0,
							"y": 0
						},
						"zoom": 1.0222221069335933
					},
					"2690": {
						"position": {
							"x": 0,
							"y": 0
						},
						"zoom": 1.0222221069335933
					}
				},
				"paramsDisplayed": false,
				"linkIndex": 1
			}
		},
		"split_mode": "horizontal"
	},
	"currentNodes": ["/geo1", "/", "/", "/", "/", "/", "/", "/"],
	"fullscreenPanelId": null,
	"saveOptions": {
		"checkRemoteAssetsUse": true,
		"minimizeFilesCount": false
	},
	"paramsModal": []
}
