{
	"type": "geo",
	"nodes": {
		"hierarchy1": {
			"type": "hierarchy"
		},
		"NozzleMat": {
			"type": "material",
			"params": {
				"material": "../materialsNetwork1/meshMatcap1"
			},
			"inputs": ["transform1"]
		},
		"ParentRemove": {
			"type": "hierarchy",
			"params": {
				"mode": 1,
				"objectMask": "/Bottle",
				"addChildMode": 2
			},
			"inputs": ["Hidrolati_OBJ"]
		},
		"Hidrolati_OBJ": {
			"type": "fileOBJ",
			"params": {
				"url": "/polygonjs/scenes/by_node_mat_meshmatcap/Configuratorobj.obj?timestamp=1723208254998"
			}
		},
		"transform1": {
			"type": "transform",
			"params": {
				"applyOn": 1,
				"t": [0.157953376930823, 0, 0]
			},
			"inputs": ["ParentRemove"]
		},
		"normalsHelper1": {
			"type": "normalsHelper",
			"inputs": ["Hidrolati_OBJ"],
			"flags": {
				"display": true
			}
		}
	},
	"params": {
		"CADLinearTolerance": {
			"overriden_options": {
				"callback": "{}"
			}
		},
		"CADAngularTolerance": {
			"overriden_options": {
				"callback": "{}"
			}
		},
		"CADCurveAbscissa": {
			"overriden_options": {
				"callback": "{}"
			}
		},
		"CADCurveTolerance": {
			"overriden_options": {
				"callback": "{}"
			}
		},
		"CADDisplayEdges": {
			"overriden_options": {
				"callback": "{}"
			}
		},
		"CADEdgesColor": {
			"overriden_options": {
				"callback": "{}"
			}
		},
		"CADDisplayMeshes": {
			"overriden_options": {
				"callback": "{}"
			}
		},
		"CADMeshesColor": {
			"overriden_options": {
				"callback": "{}"
			}
		},
		"CADWireframe": {
			"overriden_options": {
				"callback": "{}"
			}
		},
		"CSGFacetAngle": {
			"overriden_options": {
				"callback": "{}"
			}
		},
		"CSGLinesColor": {
			"overriden_options": {
				"callback": "{}"
			}
		},
		"CSGMeshesColor": {
			"overriden_options": {
				"callback": "{}"
			}
		},
		"CSGWireframe": {
			"overriden_options": {
				"callback": "{}"
			}
		},
		"QUADTriangles": {
			"overriden_options": {
				"callback": "{}"
			}
		},
		"QUADWireframe": {
			"overriden_options": {
				"callback": "{}"
			}
		},
		"TetScale": {
			"overriden_options": {
				"callback": "{}"
			}
		},
		"TetDisplayLines": {
			"overriden_options": {
				"callback": "{}"
			}
		},
		"TetDisplaySharedFaces": {
			"overriden_options": {
				"callback": "{}"
			}
		},
		"TetDisplayPoints": {
			"overriden_options": {
				"callback": "{}"
			}
		},
		"TetDisplayCenter": {
			"overriden_options": {
				"callback": "{}"
			}
		},
		"TetDisplaySphere": {
			"overriden_options": {
				"callback": "{}"
			}
		}
	},
	"flags": {
		"display": false
	}
}
