{
	"type": "copNetwork",
	"nodes": {
		"envMap": {
			"type": "envMap",
			"inputs": ["imageEnv"]
		},
		"imageEnv": {
			"type": "imageEXR",
			"params": {
				"url": "/textures/piz_compressed.exr?timestamp=1723196348775",
				"tminFilter": true,
				"tmagFilter": true,
				"tanisotropy": true,
				"useRendererMaxAnisotropy": true
			}
		},
		"image1": {
			"type": "image",
			"params": {
				"url": "textures/uv.jpg?timestamp=1723196350115"
			}
		},
		"image2": {
			"type": "image",
			"params": {
				"url": "/polygonjs/scenes/by_node_mat_meshmatcap/MatCapCartoonShadow.png?timestamp=1723215596428",
				"tcolorSpace": 1,
				"colorSpace": "srgb",
				"tminFilter": 1,
				"tmagFilter": 1,
				"tanisotropy": 1,
				"useRendererMaxAnisotropy": 1
			}
		}
	}
}
