{
	"type": "cameraControls",
	"nodes": {
		"cameraOrbitControls1": {
			"type": "cameraOrbitControls",
			"params": {
				"zoomSpeed": 0.92,
				"zoomToCursor": 0,
				"damping": 0.06,
				"rotateSpeed": 0.7,
				"maxDistance": 44,
				"minZoom": 2.0098,
				"maxZoom": 7,
				"updateTargetEndMoveEnd": 0,
				"target": [-0.2702565234927238, 2.335276805552683, 0.341844359916363]
			}
		}
	},
	"params": {
		"node": "cameraOrbitControls1"
	},
	"inputs": ["perspectiveCamera1"],
	"flags": {
		"display": true
	}
}
