{
	"nodes": {
		"geo1": {
			"pos": [-200, -350],
			"selection": ["Hidrolati_OBJ"],
			"nodes": {
				"hierarchy1": {
					"pos": [-2000, -450]
				},
				"NozzleMat": {
					"pos": [-500, 900]
				},
				"ParentRemove": {
					"pos": [-500, 700]
				},
				"Hidrolati_OBJ": {
					"pos": [-500, 600]
				},
				"materialsNetwork1": {
					"pos": [-800, 800],
					"selection": ["meshMatcap1"],
					"nodes": {
						"meshPhysical1": {
							"pos": [-650, -250]
						},
						"meshMatcap1": {
							"pos": [-350, -200]
						}
					}
				},
				"transform1": {
					"pos": [-500, 800]
				},
				"normalsHelper1": {
					"pos": [-650, 700]
				}
			}
		},
		"ground": {
			"pos": [-50, -450],
			"nodes": {
				"planeHelper1": {
					"pos": [-200, 200]
				}
			}
		},
		"COP": {
			"pos": [-300, -50],
			"selection": ["envMap"],
			"nodes": {
				"envMap": {
					"pos": [50, 250]
				},
				"imageEnv": {
					"pos": [50, 100]
				},
				"image1": {
					"pos": [-150, 150]
				},
				"image2": {
					"pos": [-400, 150]
				}
			}
		},
		"lights": {
			"pos": [-50, -250],
			"nodes": {
				"hemisphereLight1": {
					"pos": [50, -50]
				},
				"merge1": {
					"pos": [100, 300]
				},
				"spotLight1": {
					"pos": [300, -50]
				},
				"polarTransform1": {
					"pos": [300, 150]
				}
			}
		},
		"cameras": {
			"pos": [-50, -150],
			"selection": ["cameraControls1"],
			"nodes": {
				"perspectiveCamera1": {
					"pos": [0, -50]
				},
				"cameraControls1": {
					"pos": [0, 150],
					"selection": ["cameraOrbitControls1"],
					"nodes": {
						"cameraOrbitControls1": {
							"pos": [0, 0]
						}
					}
				}
			}
		},
		"Bottle": {
			"pos": [-50, -350],
			"selection": ["transform1"],
			"nodes": {
				"hierarchy1": {
					"pos": [-2000, -450]
				},
				"NozzleMat": {
					"pos": [-500, 950]
				},
				"ParentRemove": {
					"pos": [-500, 700]
				},
				"Hidrolati_OBJ": {
					"pos": [-500, 600]
				},
				"materialsNetwork1": {
					"pos": [-800, 800],
					"selection": ["meshPhysical1"],
					"nodes": {
						"meshPhysical1": {
							"pos": [-650, -250]
						}
					}
				},
				"transform1": {
					"pos": [-500, 800]
				}
			}
		}
	}
}
