{
	"type": "copNetwork",
	"nodes": {
		"envMap": {
			"type": "envMap",
			"inputs": ["imageEnv"]
		},
		"imageEnv": {
			"type": "imageEXR",
			"params": {
				"tminFilter": true,
				"tmagFilter": true,
				"tanisotropy": true,
				"useRendererMaxAnisotropy": true
			}
		},
		"image1": {
			"type": "image"
		},
		"image2": {
			"type": "image",
			"params": {
				"url": "https://raw.githubusercontent.com/polygonjs/polygonjs-assets/master/textures/resources/polyhaven.com/marble_01/2k/diffuse.jpg",
				"tcolorSpace": 1,
				"colorSpace": "srgb",
				"tminFilter": 1,
				"tmagFilter": 1,
				"tanisotropy": 1,
				"useRendererMaxAnisotropy": 1
			}
		}
	}
}
