{
	"type": "geo",
	"nodes": {
		"objectProperties1": {
			"type": "objectProperties",
			"params": {
				"tcastShadow": 1,
				"treceiveShadow": 1
			},
			"inputs": ["hierarchy2"]
		},
		"fileFBX1": {
			"type": "fileFBX",
			"params": {
				"url": "/polygonjs/scenes/by_node_mat_meshmatcap/Configurator.fbx?timestamp=1723148239811"
			}
		},
		"hierarchy1": {
			"type": "hierarchy"
		},
		"hierarchy2": {
			"type": "hierarchy",
			"params": {
				"mode": 1,
				"objectMask": "/Bottle",
				"addChildMode": 2
			},
			"inputs": ["fileFBX1"]
		},
		"BottleMat": {
			"type": "material",
			"params": {
				"group": " Bottle",
				"material": "../MAT/MatCap"
			},
			"inputs": ["objectProperties1"],
			"flags": {
				"display": true
			}
		}
	},
	"params": {
		"CADLinearTolerance": {
			"overriden_options": {
				"callback": "{}"
			}
		},
		"CADAngularTolerance": {
			"overriden_options": {
				"callback": "{}"
			}
		},
		"CADCurveAbscissa": {
			"overriden_options": {
				"callback": "{}"
			}
		},
		"CADCurveTolerance": {
			"overriden_options": {
				"callback": "{}"
			}
		},
		"CADDisplayEdges": {
			"overriden_options": {
				"callback": "{}"
			}
		},
		"CADEdgesColor": {
			"overriden_options": {
				"callback": "{}"
			}
		},
		"CADDisplayMeshes": {
			"overriden_options": {
				"callback": "{}"
			}
		},
		"CADMeshesColor": {
			"overriden_options": {
				"callback": "{}"
			}
		},
		"CADWireframe": {
			"overriden_options": {
				"callback": "{}"
			}
		},
		"CSGFacetAngle": {
			"overriden_options": {
				"callback": "{}"
			}
		},
		"CSGLinesColor": {
			"overriden_options": {
				"callback": "{}"
			}
		},
		"CSGMeshesColor": {
			"overriden_options": {
				"callback": "{}"
			}
		},
		"CSGWireframe": {
			"overriden_options": {
				"callback": "{}"
			}
		},
		"QUADTriangles": {
			"overriden_options": {
				"callback": "{}"
			}
		},
		"QUADWireframe": {
			"overriden_options": {
				"callback": "{}"
			}
		},
		"TetScale": {
			"overriden_options": {
				"callback": "{}"
			}
		},
		"TetDisplayLines": {
			"overriden_options": {
				"callback": "{}"
			}
		},
		"TetDisplaySharedFaces": {
			"overriden_options": {
				"callback": "{}"
			}
		},
		"TetDisplayPoints": {
			"overriden_options": {
				"callback": "{}"
			}
		},
		"TetDisplayCenter": {
			"overriden_options": {
				"callback": "{}"
			}
		},
		"TetDisplaySphere": {
			"overriden_options": {
				"callback": "{}"
			}
		}
	},
	"flags": {
		"display": true
	}
}
