{
	"nodes": {
		"geo1": {
			"pos": [-50, -350],
			"nodes": {
				"objectProperties1": {
					"pos": [-250, 150]
				},
				"MAT": {
					"pos": [-400, 400],
					"selection": ["MatCap"],
					"nodes": {
						"MatCap": {
							"pos": [-450, -150]
						}
					}
				},
				"fileFBX1": {
					"pos": [-250, -200]
				},
				"hierarchy1": {
					"pos": [-2000, -450]
				},
				"hierarchy2": {
					"pos": [-250, -50]
				},
				"BottleMat": {
					"pos": [-250, 400]
				}
			}
		},
		"ground": {
			"pos": [-50, -450],
			"nodes": {
				"material1": {
					"pos": [0, 300]
				},
				"box1": {
					"pos": [0, 100]
				},
				"MAT": {
					"pos": [-200, 300],
					"nodes": {
						"meshStandardBuilder1": {
							"pos": [0, 200],
							"nodes": {
								"globals1": {
									"pos": [-450, 0]
								},
								"output1": {
									"pos": [400, 0]
								},
								"vec3ToFloat1": {
									"pos": [-200, 200]
								},
								"floatToVec2_1": {
									"pos": [-100, 200]
								},
								"checkers1": {
									"pos": [50, 200]
								},
								"mix1": {
									"pos": [250, 0]
								},
								"constant1": {
									"pos": [50, -150]
								},
								"constant2": {
									"pos": [0, 0]
								}
							}
						}
					}
				}
			}
		},
		"COP": {
			"pos": [-300, -50],
			"selection": ["imageEnv"],
			"nodes": {
				"envMap": {
					"pos": [50, 250]
				},
				"imageEnv": {
					"pos": [50, 100]
				},
				"image1": {
					"pos": [-150, 150]
				},
				"image2": {
					"pos": [-400, 150]
				}
			}
		},
		"lights": {
			"pos": [-50, -250],
			"selection": ["hemisphereLight1"],
			"nodes": {
				"hemisphereLight1": {
					"pos": [50, -50]
				},
				"spotLight1": {
					"pos": [300, -50]
				},
				"polarTransform1": {
					"pos": [300, 150]
				},
				"merge1": {
					"pos": [100, 300]
				}
			}
		},
		"cameras": {
			"pos": [-50, -150],
			"nodes": {
				"perspectiveCamera1": {
					"pos": [0, -50]
				},
				"cameraControls1": {
					"pos": [0, 150],
					"nodes": {
						"cameraOrbitControls1": {
							"pos": [0, 0]
						}
					}
				}
			}
		}
	}
}
