{
	"multiple_panel": {
		"split_ratio": 0.5,
		"split_panel0": {
			"split_ratio": 0.556692242114237,
			"split_panel0": {
				"panelTypes": ["viewer"],
				"currentPanelIndex": 0,
				"panel_data": {
					"camera": "/cameras/cameras:sopGroup/perspectiveCamera1",
					"isViewerInitLayoutData": true,
					"linkIndex": 1,
					"overlayedNetwork": {
						"allowed": false,
						"displayed": false
					}
				}
			},
			"split_panel1": {
				"panelTypes": ["params"],
				"currentPanelIndex": 0,
				"panel_data": {
					"active_folder": 1811,
					"linkIndex": 1
				}
			},
			"split_mode": "vertical"
		},
		"split_panel1": {
			"panelTypes": ["network", "params", "viewer"],
			"currentPanelIndex": 0,
			"panel_data": {
				"camera": {
					"position": {
						"x": 450,
						"y": 150
					},
					"zoom": 1.7297703719514226
				},
				"history": {
					"2": {
						"position": {
							"x": 62.54553192632958,
							"y": 223.1583293886238
						},
						"zoom": 1.0222221069335933
					},
					"36": {
						"position": {
							"x": 219.4177781139786,
							"y": -651.73492722722
						},
						"zoom": 0.7570486740180141
					},
					"206": {
						"position": {
							"x": -70.85522619986392,
							"y": -142.3612439080356
						},
						"zoom": 1.1358023410373266
					},
					"209": {
						"position": {
							"x": -50,
							"y": 50
						},
						"zoom": 1.0222221069335933
					},
					"294": {
						"position": {
							"x": 0,
							"y": -50
						},
						"zoom": 1.0222221069335933
					},
					"438": {
						"position": {
							"x": 450,
							"y": 150
						},
						"zoom": 1.0222221069335933
					},
					"441": {
						"position": {
							"x": 0,
							"y": 0
						},
						"zoom": 1.0222221069335933
					},
					"446": {
						"position": {
							"x": 450,
							"y": 150
						},
						"zoom": 1.0222221069335933
					},
					"499": {
						"position": {
							"x": 0,
							"y": 0
						},
						"zoom": 1.0222221069335933
					},
					"549": {
						"position": {
							"x": 450,
							"y": 150
						},
						"zoom": 1.7297703719514226
					},
					"962": {
						"position": {
							"x": 0,
							"y": 0
						},
						"zoom": 1.0222221069335933
					},
					"970": {
						"position": {
							"x": 0,
							"y": 0
						},
						"zoom": 1.0222221069335933
					},
					"1071": {
						"position": {
							"x": 24,
							"y": -1.5
						},
						"zoom": 2
					},
					"1564": {
						"position": {
							"x": 0,
							"y": 0
						},
						"zoom": 1.7297703719514226
					},
					"1652": {
						"position": {
							"x": 0,
							"y": 0
						},
						"zoom": 1.7297703719514226
					}
				},
				"paramsDisplayed": false,
				"linkIndex": 1
			}
		},
		"split_mode": "horizontal"
	},
	"currentNodes": ["/geo1/MAT", "/", "/", "/", "/", "/", "/", "/"],
	"navigationHistory": {
		"nodePaths": {
			"1": [
				"/COP",
				"/",
				"/geo1",
				"/geo1/MAT",
				"/geo1",
				"/geo1/MAT",
				"/geo1",
				"/geo1/MAT",
				"/geo1",
				"/geo1/MAT",
				"/geo1",
				"/geo1/MAT",
				"/geo1/MAT",
				"/geo1/MAT",
				"/geo1",
				"/geo1/MAT",
				"/geo1",
				"/geo1/MAT"
			],
			"2": ["/"],
			"3": ["/"],
			"4": ["/"],
			"5": ["/"],
			"6": ["/"],
			"7": ["/"],
			"8": ["/"]
		},
		"index": {
			"1": 17,
			"2": 0,
			"3": 0,
			"4": 0,
			"5": 0,
			"6": 0,
			"7": 0,
			"8": 0
		}
	},
	"fullscreenPanelId": null,
	"saveOptions": {
		"checkRemoteAssetsUse": true,
		"minimizeFilesCount": false
	},
	"paramsModal": []
}
