{
	"type": "materialsNetwork",
	"nodes": {
		"MatCap": {
			"type": "meshMatcap",
			"params": {
				"useMatcapMap": 1,
				"matcapMap": "../../../COP/image2",
				"doubleSided": 1
			}
		},
		"StandardCap": {
			"type": "meshStandard",
			"params": {
				"color": [0.6307571363387763, 0.06662593863608139, 0.06662593863608139]
			}
		},
		"PhysicalGlass": {
			"type": "meshBasic",
			"params": {
				"color": [0.5906188409113381, 0.04970656597728775, 0.04970656597728775],
				"alphaTest": 0.22
			}
		}
	}
}
