{
	"type": "materialsNetwork",
	"nodes": {
		"BottleMaterial1": {
			"type": "meshPhysical",
			"params": {
				"color": [0.8879231178794775, 0.8879231178794775, 0.8879231178794775],
				"map": "../../../COP/imageEnv",
				"useEnvMap": true,
				"envMap": "../../../COP/envMap",
				"lightMap": "../../../COP/imageEnv",
				"roughness": 0.17,
				"sheen": 0.53,
				"sheenRoughness": 0.31,
				"iridescence": 1.5,
				"iridescenceIOR": 3.52,
				"transmission": 0.98,
				"ior": 1.013333,
				"thickness": 0.1,
				"attenuationDistance": 0.2801,
				"attenuationColor": [0.4178850708380236, 0.4178850708380236, 0.4178850708380236],
				"doubleSided": true,
				"overrideShadowSide": true,
				"shadowDoubleSided": true,
				"premultipliedAlpha": true,
				"blending": 0
			}
		}
	}
}
