{
	"type": "geo",
	"nodes": {
		"material2": {
			"type": "material",
			"params": {
				"material": "../MAT/MatCap"
			},
			"inputs": ["transform2"],
			"flags": {
				"display": true
			}
		},
		"transform2": {
			"type": "transform",
			"params": {
				"applyOn": 1,
				"objectMode": 1,
				"objectTransformSpace": 1,
				"t": [0.3035017877548394, 3.0050900283805735, 0.018289728990443677],
				"scale": 1.45
			},
			"inputs": ["objectProperties1"]
		},
		"fileOBJ2": {
			"type": "fileOBJ",
			"params": {
				"url": "https://raw.githubusercontent.com/polygonjs/polygonjs-assets/master/models/resources/renderpeople.com/rp_dennis_posed_004_OBJ/rp_dennis_posed_004_2k.obj"
			}
		},
		"objectProperties1": {
			"type": "objectProperties",
			"params": {
				"tcastShadow": 1,
				"treceiveShadow": 1
			},
			"inputs": ["fileOBJ2"]
		}
	},
	"params": {
		"CADLinearTolerance": {
			"overriden_options": {
				"callback": "{}"
			}
		},
		"CADAngularTolerance": {
			"overriden_options": {
				"callback": "{}"
			}
		},
		"CADCurveAbscissa": {
			"overriden_options": {
				"callback": "{}"
			}
		},
		"CADCurveTolerance": {
			"overriden_options": {
				"callback": "{}"
			}
		},
		"CADDisplayEdges": {
			"overriden_options": {
				"callback": "{}"
			}
		},
		"CADEdgesColor": {
			"overriden_options": {
				"callback": "{}"
			}
		},
		"CADDisplayMeshes": {
			"overriden_options": {
				"callback": "{}"
			}
		},
		"CADMeshesColor": {
			"overriden_options": {
				"callback": "{}"
			}
		},
		"CADWireframe": {
			"overriden_options": {
				"callback": "{}"
			}
		},
		"CSGFacetAngle": {
			"overriden_options": {
				"callback": "{}"
			}
		},
		"CSGLinesColor": {
			"overriden_options": {
				"callback": "{}"
			}
		},
		"CSGMeshesColor": {
			"overriden_options": {
				"callback": "{}"
			}
		},
		"CSGWireframe": {
			"overriden_options": {
				"callback": "{}"
			}
		},
		"QUADTriangles": {
			"overriden_options": {
				"callback": "{}"
			}
		},
		"QUADWireframe": {
			"overriden_options": {
				"callback": "{}"
			}
		},
		"TetScale": {
			"overriden_options": {
				"callback": "{}"
			}
		},
		"TetDisplayLines": {
			"overriden_options": {
				"callback": "{}"
			}
		},
		"TetDisplaySharedFaces": {
			"overriden_options": {
				"callback": "{}"
			}
		},
		"TetDisplayPoints": {
			"overriden_options": {
				"callback": "{}"
			}
		},
		"TetDisplayCenter": {
			"overriden_options": {
				"callback": "{}"
			}
		},
		"TetDisplaySphere": {
			"overriden_options": {
				"callback": "{}"
			}
		}
	},
	"flags": {
		"display": true
	}
}
