{
	"multiple_panel": {
		"split_ratio": 0.5,
		"split_panel0": {
			"split_ratio": 0.5543217692883486,
			"split_panel0": {
				"panelTypes": ["viewer"],
				"currentPanelIndex": 0,
				"panel_data": {
					"camera": "/cameras/cameras:sopGroup/perspectiveCamera1",
					"isViewerInitLayoutData": true,
					"linkIndex": 1,
					"overlayedNetwork": {
						"allowed": false,
						"displayed": false
					}
				}
			},
			"split_panel1": {
				"panelTypes": ["params"],
				"currentPanelIndex": 0,
				"panel_data": {
					"active_folder": 1478,
					"linkIndex": 1
				}
			},
			"split_mode": "vertical"
		},
		"split_panel1": {
			"panelTypes": ["network", "params", "viewer"],
			"currentPanelIndex": 0,
			"panel_data": {
				"camera": {
					"position": {
						"x": 0,
						"y": 0
					},
					"zoom": 1.0222221069335933
				},
				"history": {
					"2": {
						"position": {
							"x": 62.54553192632958,
							"y": 223.1583293886238
						},
						"zoom": 1.0222221069335933
					},
					"36": {
						"position": {
							"x": 100,
							"y": -200
						},
						"zoom": 1.0222221069335933
					},
					"441": {
						"position": {
							"x": 0,
							"y": 0
						},
						"zoom": 1.0222221069335933
					}
				},
				"paramsDisplayed": false,
				"linkIndex": 1
			}
		},
		"split_mode": "horizontal"
	},
	"currentNodes": ["/geo1/MAT", "/", "/", "/", "/", "/", "/", "/"],
	"navigationHistory": {
		"nodePaths": {
			"1": [
				"/",
				"/geo1",
				"/geo1/MAT",
				"/geo1",
				"/geo1/MAT",
				"/geo1",
				"/geo1/MAT",
				"/geo1",
				"/geo1/MAT",
				"/geo1",
				"/geo1/MAT",
				"/",
				"/geo1",
				"/geo1/MAT",
				"/geo1",
				"/geo1/MAT"
			],
			"2": ["/"],
			"3": ["/"],
			"4": ["/"],
			"5": ["/"],
			"6": ["/"],
			"7": ["/"],
			"8": ["/"]
		},
		"index": {
			"1": 15,
			"2": 0,
			"3": 0,
			"4": 0,
			"5": 0,
			"6": 0,
			"7": 0,
			"8": 0
		}
	},
	"fullscreenPanelId": null,
	"saveOptions": {
		"checkRemoteAssetsUse": true,
		"minimizeFilesCount": false
	},
	"paramsModal": []
}
