{
	"type": "geo",
	"nodes": {
		"sphere1": {
			"type": "sphere"
		},
		"transform1": {
			"type": "transform",
			"params": {
				"t": [0, 1, 0]
			},
			"inputs": ["sphere1"]
		},
		"material1": {
			"type": "material",
			"params": {
				"material": "../MAT/meshStandard1"
			},
			"inputs": ["transform1"]
		},
		"merge1": {
			"type": "merge",
			"inputs": [null, "material2", null, "material1"],
			"flags": {
				"display": true
			}
		},
		"material2": {
			"type": "material",
			"params": {
				"group": " 100ml_Glass_Bottle/Bottle",
				"material": "../MAT/meshStandard2"
			},
			"inputs": ["transform2"]
		},
		"transform2": {
			"type": "transform",
			"params": {
				"applyOn": 1,
				"objectMode": 1,
				"objectTransformSpace": 1,
				"t": [0.3035017877548394, 3.0050900283805735, 0.018289728990443677],
				"scale": 1.45
			},
			"inputs": ["fileOBJ2"]
		},
		"fileOBJ2": {
			"type": "fileOBJ"
		}
	},
	"params": {
		"CADLinearTolerance": {
			"overriden_options": {
				"callback": "{}"
			}
		},
		"CADAngularTolerance": {
			"overriden_options": {
				"callback": "{}"
			}
		},
		"CADCurveAbscissa": {
			"overriden_options": {
				"callback": "{}"
			}
		},
		"CADCurveTolerance": {
			"overriden_options": {
				"callback": "{}"
			}
		},
		"CADDisplayEdges": {
			"overriden_options": {
				"callback": "{}"
			}
		},
		"CADEdgesColor": {
			"overriden_options": {
				"callback": "{}"
			}
		},
		"CADDisplayMeshes": {
			"overriden_options": {
				"callback": "{}"
			}
		},
		"CADMeshesColor": {
			"overriden_options": {
				"callback": "{}"
			}
		},
		"CADWireframe": {
			"overriden_options": {
				"callback": "{}"
			}
		},
		"CSGFacetAngle": {
			"overriden_options": {
				"callback": "{}"
			}
		},
		"CSGLinesColor": {
			"overriden_options": {
				"callback": "{}"
			}
		},
		"CSGMeshesColor": {
			"overriden_options": {
				"callback": "{}"
			}
		},
		"CSGWireframe": {
			"overriden_options": {
				"callback": "{}"
			}
		},
		"QUADTriangles": {
			"overriden_options": {
				"callback": "{}"
			}
		},
		"QUADWireframe": {
			"overriden_options": {
				"callback": "{}"
			}
		},
		"TetScale": {
			"overriden_options": {
				"callback": "{}"
			}
		},
		"TetDisplayLines": {
			"overriden_options": {
				"callback": "{}"
			}
		},
		"TetDisplaySharedFaces": {
			"overriden_options": {
				"callback": "{}"
			}
		},
		"TetDisplayPoints": {
			"overriden_options": {
				"callback": "{}"
			}
		},
		"TetDisplayCenter": {
			"overriden_options": {
				"callback": "{}"
			}
		},
		"TetDisplaySphere": {
			"overriden_options": {
				"callback": "{}"
			}
		}
	},
	"flags": {
		"display": true
	}
}
