{
	"multiple_panel": {
		"split_ratio": 0.5,
		"split_panel0": {
			"split_ratio": 0.5,
			"split_panel0": {
				"panelTypes": ["viewer", "params", "network"],
				"currentPanelIndex": 0,
				"panel_data": {
					"camera": "/perspectiveCamera1",
					"isViewerInitLayoutData": true,
					"linkIndex": 1,
					"overlayedNetwork": {
						"allowed": false,
						"displayed": false
					}
				}
			},
			"split_panel1": {
				"panelTypes": ["viewer", "params", "network"],
				"currentPanelIndex": 1,
				"panel_data": {
					"active_folder": null,
					"linkIndex": 1
				}
			},
			"split_mode": "vertical"
		},
		"split_panel1": {
			"panelTypes": ["viewer", "params", "network"],
			"currentPanelIndex": 2,
			"panel_data": {
				"camera": {
					"position": {
						"x": 0,
						"y": 0
					},
					"zoom": 0.5
				},
				"history": {},
				"paramsDisplayed": false,
				"linkIndex": 1
			}
		},
		"split_mode": "horizontal"
	},
	"currentNodes": ["/", "/", "/", "/", "/", "/", "/", "/"],
	"navigationHistory": {
		"nodePaths": {
			"1": [],
			"2": [],
			"3": [],
			"4": [],
			"5": [],
			"6": [],
			"7": [],
			"8": []
		},
		"index": {
			"1": -1,
			"2": -1,
			"3": -1,
			"4": -1,
			"5": -1,
			"6": -1,
			"7": -1,
			"8": -1
		}
	},
	"fullscreenPanelId": null,
	"saveOptions": {
		"checkRemoteAssetsUse": true,
		"minimizeFilesCount": false
	},
	"paramsModal": []
}
